Compound,Tc
Sr0.33La0.67Mn1O3,364.5
SmCo5,1000.0
Cr2FeS4,172.0
Sm2Co17,1190.0
MnGaAs,162.5
MnInAs,85.0
BaFe12O19,731.5
CaFe12O19,718.0
LaFe12O19,670.0
Ca0.5La0.5Mn1O3,220.0
Ca0.5La0.4Y0.1Mn1O3,130.0
Sr0.35Eu0.65Mn0.1Fe0.9O3,150.0
NdFe2,558.0
PrFe2,701.5
CeFe2,230.0
LaFe2,230.0
Sr0.2La0.8Mn1O3,305.0
EuCdAu,22.0
EuZnPt,20.0
EuCdAg,27.0
EuZnAg,29.0
Fe1.25Co2Ge0.75,1135.0
FeW,850.0
Ba0.2Sr0.2La0.6Mn1O3,354.0
MnAs,318.0
Mn2SnO4,53.0
Mn3O4,43.95
Gd2Ga3Fe14,601.0
Gd2Fe17,516.0
FeCo,1255.5
ZnCoO,320.0
Al1Co1.28Ni1.17,272.0
MnGaNi2,365.0
Ca0.33La0.67Mn1O3,266.5
CeFeMoO6,300.0
Fe2As,251.0
Mn2As,450.0
ZrCo2Sn,452.3
Dy6Te2Ru,64.0
Dy6CoTe2,125.0
Dy6FeTe2,82.0
Dy2Te,161.3
Fe79Cu(BMo)10,273.0
Fe3O4,850.0
Ce2Fe17N3,700.0
MnNiSb,730.0
NiH2(CN2)2,30.0
EuZnAu,51.9
CeY2Ni9,92.0
LaY2Ni9,15.0
UGaPt,68.0
HoTiFe11,533.0
HoNi2,17.6
TaFeCoBO,400.0
FeBiO3,1103.0
Pr0.5Zn0.5Fe1.95Ni0.5O4,536.0
Cr2NO2,566.0
Cr2S3,275.0
Fe3GeTe2,225.0
Cr3Te4,300.0
VCr2(CF)2,696.0
VCr2H2(CO)2,618.0
Fe78Si9B13,756.5
Mn3ZnC,380.0
FeNi4,823.0
Nd0.6Sm1.4Fe13.6Co3.4,835.0
GdGa,200.0
CrGeTe3,50.0
CrI3,45.0
NbCrFeB,317.5
Sm0.9Zr0.1Ti0.7Fe9.04Co2.26,900.0
Cr2NiO4,72.0
V1.15Fe1Co1Ni1,233.0
V0.85Fe1Co1Ni1,350.0
Sr2FeMoO6,426.0
Mn3SnC,275.0
Fe3Si,833.0
Mn5Ge3,300.0
YCo4Si,320.0
YCo5,903.0
Fe4N,761.0
Fe2CoNiO4,800.0
Mn3GaC,249.0
Ce17ZrFe77B6,420.5
Ce17HfFe77B6,409.0
Cr2CuS4,380.0
TmAlCo,6.0
AlCrRu2,221.0
Mn1.05Fe0.9Si0.5Cu0.1B0.03P0.47,310.0
Fe5SiB2,784.0
Fe5Si0.75Ge0.25B2,793.0
Ba3Fe24Co2O41,682.5
FeCo2Si,1057.5
SmN,30.0
Yb(MnSn)6,267.0
AlFe3,785.0
Lu2Fe13.6Si3.4,470.0
U2Fe13.6Si3.4,530.0
Cr2GaCo,320.0
Sm5Fe17,550.0
Sr0.1Ca0.2La0.7Mn1O3,308.0
TmCo2,3.9
TiCoSn,463.0
Ho12Co7,30.0
Dy12Co7,64.0
Tb12Co7,100.0
Gd12Co7,165.0
Gd2(MoO4)3,432.0
PrAlPt,5.8
V11Fe9,14.0
Al28(Co13Ni11)3,380.0
MnNi(BiO3)2,140.0
DyCo2,137.0
U(AlFe)6,355.0
La(MnSi)2,297.5
MnAl,660.0
Mn27Al23,661.0
Mn25Al23Ni2,421.0
Nd2Fe14B,594.0
Zn0.5Fe2Cu0.5O4,423.0
La1Fe11.7Si1.3N1.3,230.0
La1Fe11.7Si1.3,195.0
CoNi,1126.5
Fe12Co13,1213.0
Al1.5Cr1Fe1Cu1Ni2,1000.0
CrFeCuNi2,400.0
MnCoGe,345.0
La(FeSi)13,188.0
GdEr,283.0
Ti0.75Fe0.25O4,323.0
Sr2CrIrO6,881.0
Sr2CrOsO6,522.5
Cr2CdS4,87.0
Gd1Ti0.2Fe1.8,750.0
GdFe2,800.0
Cr2CuSe4,430.0
Sm12Al5Fe14,245.0
Ce1In1Ni1H1.8,6.8
GdNi3,115.0
Fe2CoO4,793.0
NbCo2,300.0
La1Fe13.9Si1.4,200.0
Zr6Co23,609.5
Mn0.3Zn0.4Fe1.7Co0.6O4,596.0
Y2Fe17,320.0
Lu2Co15Si2,854.0
U2Co15Si2,601.0
Y1Co4.5Ge0.5,778.0
Ca0.1La0.7Mn1Pb0.2O3,300.0
EuO,73.0
Cr3(Fe10C3)2,963.8
Cr3Fe4C3,796.2
Fe3C,483.0
Fe2C,540.0
Er4MgPd,16.0
Ho4MgPt,28.0
Sr0.05Ca0.35La0.6Mn1O3,290.0
Ho0.05Zn0.8Fe1.95Co0.2O4,188.0
GaFeCo2,1000.0
Tm3CoNi,6.7
CoSi7,609.0
MnSi7,386.0
PrFeCo2,580.0
PrCo3,350.0
Er2Fe17,294.0
Ba2FeMoO6,330.0
Mn0.5Zn0.5Fe2O4,395.0
MnO,120.0
Sr0.2Pr0.8Mn1O3,130.0
Fe3B,800.0
Gd6YPd3,115.0
Gd7Pd3,135.0
Sr2CrWO6,450.0
MnBi,630.5
TiCrFeCuNi,50.0
Ce3CoGe2,6.0
Ce2CoGe3,10.0
Gd0.86Dy0.14,276.25
Gd0.44Dy0.56,228.75
Gd0.02Dy0.98,181.25
CrClO,64.0
CrOF,215.0
PrFeB,565.0
CePrNdFeB,505.0
Pr1Fe0.7Co1.1B0.2,326.0
Dy0.025Zn0.5Fe1.975Ni0.5O4,521.5799999999999
Fe2NiO4,849.0
ZnNi,843.0
Mn1.1Fe0.9As0.54P0.46,287.0
CoBr3,264.0
FeI3,148.0
HoCo2,77.5
EuCu3Pd2,14.5
EuCu5,57.0
TbCu4Pd,76.0
Ca0.3La0.1Pr0.6Mn1O3,94.0
ErFe2,591.0
Fe2Co2B,512.0
Ce2Fe14B,427.5
La0.6Ga0.4Fe1O3,350.0
Mn0.03Ga0.97N1,400.0
GdCo2,404.0
GdFe3,725.0
Sm3Ni2,110.0
SmNi,45.0
Sm3Ni,5.0
NbCoCuSiB,125.0
Tb6Mn23,455.0
Ba1Sc0.5Fe11.5O19,693.0
V0.03Sb1.97Te3,24.0
Cr2CoS4,230.0
Gd1Fe0.6Co0.4Si1,70.0
Pr13.7Zr0.1Fe63.5Co16.7B6,738.0
Yb1Mn6In1.2Sn4.8,129.0
Li(MnSn)6,380.0
Co2SnO4,340.0
Fe2SnO4,390.0
CeFeO2,300.0
Fe3BP,723.0
FeSi,918.0
La2MnCoO6,222.5
Co4N,1027.0
CuSeO3,26.0
Zn0.8Cr0.2Te1,300.0
MnZn(FeO2)2,473.0
Nd0.2Fe1Bi0.8O3,1104.0
Mn0.05Si0.95,300.0
Fe2CoSi,1023.0
GdFeSi,118.0
ErAl2,13.0
DyAl2,65.0
Nd(TiFe)7,463.0
Nd(TiFe)12,548.0
Nd2Si3Pd,16.0
Nd5Al2Fe6Co6B,680.0
Sr2FeReO6,401.0
Mn2Ga0.5Sn0.5,262.0
Mn1.2Ga0.5Sn0.5,306.0
Mn1.7Ga0.5Sn0.5,283.0
Mn1.5Ga0.5Sn0.5,284.0
CoSiB,443.0
AlCrFe2,323.0
VTeSe,415.0
VTeS,280.0
VSeS,310.0
Sm2(FeCo)17,1138.0
PrSi2,11.5
Pr3Si5,11.5
Pr3Si4,102.5
PrSi,52.5
Pr5Si4,40.0
Pr5Si3,43.0
Gd5Si3Sb,164.0
Gd5Si3.5Sb0.5,336.0
Gd5SiSb3,295.0
Eu7Cu44As23,25.3
Sr0.5Nd0.5Mn1O3,248.0
Cr2CoO4,97.0
UIr,46.0
Sr2CrReO6,635.0
NdCoSiH,20.5
CrI2,300.0
Ce2Pr2Fe14B,486.0
FeCoSiB,673.0
MnGaNi,350.0
LaFeMoO6,500.0
Pr2Fe17,293.0
MnAlCu2,610.0
La2MnNiO6,280.0
Y3Co13B2,636.0
MnAlVCo,105.0
Mn2Al1V0.5Co0.5,671.0
Pr2AlFe16,356.0
Mn2CoSb,485.0
Ca0.3La0.7Mn1O3,245.0
Pr2Fe14B,567.0
La2Fe14B,516.0
Fe2P,236.0
Mn(FeO2)2,550.0
Ce5CoGe2,11.0
TiCrCF2,1132.9
Sm2Zr17Fe17(CoCu)17,1123.0
Gd5(SiGe)2,286.75
Mg(FeO2)2,683.75
ZnCo3C,5.0
ZnFe3C,358.0
Ca2CrReO6,360.0
LaFeCoSi,284.0
Fe5B2P,655.0
ZrFe2,355.0
Zr3Fe7,244.0
Zr5.8Nb1Fe85.4Cu1B6.8,354.0
Zr6.8Fe85.4Cu1B6.8,368.0
GdZn2,85.0
NdZn2,24.0
UGeRh,9.5
Gd39Dy17(Al6Co5)4,76.0
Gd21Dy7(Al6Co5)2,81.5
CrO2,391.0
PrCoO3,57.5
LaCoO3,85.0
CaMn4(CuO4)3,355.0
LuMn4(CuO4)3,398.0
Fe2GeO4,630.0
Fe3Ge,800.0
Mn35.5In14.5Ni50,297.0
Dy3Co2.2Si1.8,2.0
Sr0.25La0.75Mn1O3,334.0
Ca0.25La0.75Mn1O3,224.0
Mn5Sn3,219.0
Mn4FeSn5,190.0
Fe5Sn3,544.0
Gd0.95Er0.05,284.7
Gd0.95Dy0.05,287.5
MnNi2Sn,340.0
Ho26Ga8Co9,16.0
Dy26Ga8Co9,28.0
Tb26Ga9Co8,74.0
Tb26Ga11Co6,76.0
Gd26Ga8Co9,124.0
Zr2Fe22B,280.0
Nd3Al,74.0
FeTe2,423.0
LaMnO3,168.75
Sr0.2La0.8Co1O3,180.0
Er(FeGe)6,3.0
Gd(FeSn)6,45.0
Sr0.34La0.66Mn1O3,370.0
Sr2Fe1Mo1N0.666O5.334,300.0
LaCo5,833.0
Nd7Ni3,14.0
FeCoB,1149.0
Gd30Al7Co13,155.0
Mn13Ga7,680.0
Mn3Ga,730.0
Ho5Si4,76.0
DyNi,59.0
Gd(CrFe5)2,580.0
FePt3,380.0
Nd2Fe14C,433.0
MnAlCo2,388.0
Nb23Fe23B6,900.0
MnSi,30.0
TiCo2Sn,355.0
TiCo2Ge,380.0
Mn48.835Al48.835C2.33,590.0
CrFe7SiB,403.0
Sm0.9Zr0.1Ti1Fe11,345.0
SmTiFe11,592.0
CeNiSb,4.0
PrAlIr,9.0
Zn0.98Fe0.02O1,300.0
V2(FeCo)49,1253.0
Pr6Fe13Si,398.0
NiCl2,27.0
NiBr2,173.0
Ba0.33La0.67Mn1O3,348.0
Co3O4,40.0
GdSiNi4,25.0
GdNi5,33.0
DySiNi4,22.0
DyNi5,11.6
Ti0.95Fe2.05Sn1,120.0
UFe2,165.0
U2Fe3Ge,55.0
MnGaCo2,776.0
MnCo2Ge,930.0
MnCo2Si,992.5
La1Fe11.2Co0.7Si1.1,274.0
La1Fe11.4Si1.6,208.0
TbCoC,22.0
BaMn2(ZnAs)2,230.0
U2Ni12P7,29.0
U(Ni2P)2,21.0
MnCoSiRh,928.0
CrFeCoSb,360.0
CrFeCoAs,378.0
Fe78.5Si6Ni1B14Mo0.5,635.0
Fe76.2Si6Ni3.8B14,665.0
Fe40Si3B7,649.0
Ca0.33La0.67Mn0.98O3,264.0
La7Pr0.3Fe10.4Co0.8Si1.8,290.0
La7Pr0.3Fe11.2Si1.8,203.0
La1Fe11.2Si1.8,216.0
PrGa3Cu,4.6
Sr0.4Pr0.6Mn1O3,306.0
Sm2Fe17N3,744.5
LiFe5O8,863.0
Sr0.3La0.7Mn1O3,357.5
La6InCo13,490.0
Pr3In2Co9,198.0
FePd,748.0
Dy2(FeMo)17,77.0
EuS,16.7
ZrCo5,790.0
Mn0.06Ge0.94,285.0
Mn0.03Co0.12Ge0.85,270.0
Fe0.05Ge0.95,233.0
HoTiCo11,983.0
Sm(MnGe)2,345.0
MnP,291.0
MnFe4Si3,300.0
Fe5Si3,370.0
FeCuO4,698.0
Li0.5Fe2.5O4,940.5
Mn0.04Fe0.02Ge0.94,350.0
Eu2Ga3.4Ag13.6,70.3
EuGaAg4,72.3
Ho2In,100.0
Dy2In,125.0
FePt,750.0
FeCoNi,380.5
Sm1Fe10Si1C0.5,460.0
Sm1Al0.22Fe1.78,600.0
Sm1Al0.3Fe2.7,590.0
Sm6Al3.22Fe19.78,480.0
Pr5Si3Ge,47.0
CeZn15O16,305.0
Cr7Te8,360.0
CrTe,344.0
Cr12Te13,342.0
Cr5Te6,320.0
Cr5Te8,262.5
Cr2Te3,170.0
CrTe2,200.0
GaNiSb,78.0
MnGaSb,45.0
Sm10.5Fe89.5,409.0
YFeO3,453.0
MnFe2Si,217.0
CePRuO,15.0
CoSi,240.0
MnCo,1035.0
MnGaP,270.0
La1Al1.3Fe10.7523Co0.9477,311.4
UGe2,52.0
Fe47.4Si11Ni26.6B13C2,682.0
DyCr2Si2C,10.7
TbCr2Si2C,16.6
GdCr2Si2C,10.9
Er6CoNi3,11.5
UAlIr,64.0
UAlRh,28.0
Mn1.1Fe0.9Ge0.3P0.7,380.0
Mn1.1Fe0.9As0.3P0.7,150.0
Fe2CuO4,673.0
Nd2Fe10Co4B,800.0
LiMnZnAs,225.0
TiFeSi2,917.0
TiFeSi,728.0
Mn(SbTe2)2,47.5
NdTiFe11,546.5
NdFe7,418.0
Nd2Fe17,329.5
Gd13Fe7,273.0
Dy13Fe7,45.0
Er13Fe7,40.0
Gd3Co,128.0
Tb3Al2,190.0
Mn0.07In0.5Ga0.5,110.0
Mn2AlCo,675.0
Mn2NiSb,647.0
Mn2NiSn,565.0
GdInPd,101.5
ErAl7Fe5,201.0
FePS3,115.0
NiO,525.0
Fe5GeTe2,300.0
La0.9Ce0.1Fe11.7Si1.3H1.8,345.0
HfFe2,610.0
Ho2Fe14Si3,477.0
Ho2Fe17,330.0
SrFe12O19,737.0
Er1Co4.5Ge0.5,785.0
CoPt,825.0
Y2NbFe13B4,364.0
Y9HfNb5(Fe13B4)5,360.0
Co0.95Pd0.05,300.0
GdNi,88.0
Gd3Ni2,99.0
Gd3Ni,123.0
Gd3Co11B4,460.0
Pr3Co11B4,390.0
Mn7Sn4,220.0
Ga10.8Ni89.2,318.0
V6.15Ni93.85,318.0
Cr(GaSb)2,345.0
SmCuNi3B,60.0
SmCoNi3B,90.0
SmFeNi3B,320.0
SmMnNi3B,205.0
SmNi4B,40.0
V2Fe3,170.0
Sr2CoO4,250.0
Sr1.4La0.6Mn1O4,48.0
Tb0.27Dy0.73Al2,74.0
TbAl2,105.0
Gd3Fe,244.0
MnFeCoSi,755.0
Mn0.3Ge0.7,439.5
Ca0.3La0.7Mn0.95Ni0.05O3,260.0
Ca0.3La0.7Mn0.97Ni0.03O3,280.0
Ca0.3La0.7Mn0.99Ni0.01O3,290.0
ErCo2,33.0
Er1Mn0.6Co2,212.0
ErMnCo2,222.0
Ca2FeMoO6,365.0
Mn0.65Zn0.35Fe2O4,463.0
Mn(CrS2)2,66.0
Cr2Ga0.67S4,56.0
Tm2CdCu2,15.0
Er2CdCu2,36.0
Dy2CdCu2,48.5
Gd2CdCu2,120.0
Tm2InCu2,31.6
Er2InCu2,39.4
Dy2InCu2,49.5
CeGaGe,5.5
Nd8.5Zr2.7Ga0.6Fe77Co5B6.2,595.0
Ba2SmNb4FeO15,398.0
Co2Pt3,760.0
Gd0.965Er0.035,288.2
Gd1.965Er0.035,291.7
Fe3RhN,505.0
GdN,70.0
Er2Ti3Si4,7.0
Tb2Ti3Si4,16.0
Gd2Ti3Si4,18.0
GaCo,228.0
Nd2Si3Pt,17.5
CeAlPt,5.6
Ce1Al1H1.1Pt1,11.6
MgCo2,321.0
TaFeCoB,583.0
FeCoMo,491.0
Eu3Si11Pt23,5.5
FeNi3,848.0
U2Co15Ge2,645.0
Lu2MnCoO6,48.0
NiGeRh2,113.0
FeNi,713.0
Dy3(FeMo)29,408.0
Tb3(FeMo)29,437.0
Mn21.8Ga21.8Ni56.4,350.0
Mn29.6Ga21.4Ni49,365.0
Ca0.33La0.603Dy0.067Mn1O3,176.0
GdAlGe,21.0
GdAl2,168.75
CsMnI3,90.0
Gd10Co9Si,214.0
Gd25Co24Si,244.0
Mn1.2Sn1Ir1.8,342.0
Co2SiRu,491.0
TbFeNi4,280.0
TbCoNi4,60.0
Mn2AlCu,690.0
Sm1Ti1Fe9.9Co1.1,705.0
1La1Fe1.2Mo0.8O6,300.0
Fe4Bi2O9,250.0
Fe3S4,800.0
UGa2,125.0
TbAl7Fe5,242.0
Tb0.2La0.8Ni2,8.0
TbNi2,36.0
La0.8Dy0.2Ni2,6.2
DyNi2,21.3
La0.6Ho0.4Ni2,5.1
SmFe3,647.0
SmFe5,400.0
Ce(MnGe)2,320.0
Zn0.5Fe2Ni0.5O4,563.0
Gd3Al0.75Co3.25,161.0
Gd3Al0.5Co3.5,196.0
MnBiO3,103.0
Ca0.2La0.8Mn1O3,230.0
Zn(FeO2)2,669.0
Gd97In3,259.0
YFe2,552.5
Sr1Co1O2.5,150.0
FeCuSiBMo,473.0
Ti2Cr2C3O2,720.6
VCr2(CO)2,77.0
V2Cr2C3O2,246.8
Sr33La0.67Mn1O3,370.0
Sr0.25Ca0.25Nd0.5Mn1O3,174.0
SmVFe11,634.0
TbPr7Fe28Co10BC3,736.0
TbPr7Fe38BC3,589.0
Ba0.3La0.6Pr0.1Mn1O3,215.0
Nb4Fe74Si13B9,568.0
Fe78Si13B9,664.0
Y2Fe14B,568.0
Fe87B13,488.0
NdCo9Si4,1060.0
CeVSb3,4.65
SmFe7,534.5
Nd5Fe17,506.5
Cr2CdSe4,129.5
Cr2HgSe4,110.0
MnPRh,4.2
Fe3Ni2,620.0
Tb2Co17,1190.0
Na0.1Nd0.9Mn1O3,112.0
Zn0.2Fe2Ni0.8O4,758.0
V(GeP2)2,90.0
VSnGeP4,110.0
VGe2P3N,380.0
La2MnIrO6,130.0
CeB2Rh3,115.0
La1Fe11.57Si1.43,189.0
Co0.1Pd0.9,350.0
Co0.08Pd0.92,315.0
Co0.04Pd0.96,220.0
UCuSb2,110.0
Fe2O3,687.5
Sr0.35La0.65Mn1O3,355.0
MnB6I,470.0
MnB,345.0
Y4Co31B15,211.0
Sr0.19La0.81Mn1O3,302.0
Ca2CrOsO6,490.0
Ba2NiOsO6,108.0
Y(Co2B)6,150.0
Gd1Mn0.4Ni2,190.0
GdNi2,76.2
Gd1Mn0.5Ni2,187.3
PuNi3,183.0
Gd0.6Ho0.4Co2,300.0
Er15(B2C7)2,50.0
Dy15(B2C7)2,120.0
Tb15(B2C7)2,145.0
ThCo4B,303.0
YCo4B,380.0
CrFe2Si,630.0
DyInPd,74.0
PrCo2,39.9
Zr2Co11,755.0
Sm3Ti1.943Fe27.057,486.0
TbAlNi4,23.0
DyAlNi4,11.0
ZnNi3N,300.0
Sr0.2Pr0.75Mn1Bi0.05O3,150.0
YCo3,272.0
CrSb,300.0
SrCoO3,244.0
Ca0.33La0.62Y0.05Mn1O3,210.0
Sr0.2La0.77Y0.03Mn1O3,261.0
Sr0.17La0.78Y0.05Mn0.98O3,302.0
Al0.5Cr1Fe1Co1Ni1,420.0
Al2CrFeCoNi,430.0
DyCo4,700.0
FeCo2Ge,990.0
TmFe2,550.0
Fe4Ni,961.0
Mn4N,741.5
Nd16Fe3B,72.0
MnPS3,37.5
Pr2Co7,600.0
Mn5Si3,470.0
MnSb,582.5
Mn1.25Sb1,587.0
Gd2Fe17H3,85.0
MnAlCrFeCoNi,823.0
CrFeSiRu,346.0
Gd1Nb0.6Fe11.4,597.0
MnFe,1023.0
Co3Sn3Se2,60.0
MnI3,720.0
MnF3,450.0
Mn3P,115.0
Mn2P,103.0
Mn2GaNi,588.0
Pr1Fe0.5Co2.5,480.0
Mn7Ni10Sn3,334.0
PrCo5,1178.0
Fe75Co75Si7(B5P)3,764.0
Sr1.8La1.2Mn2O7,125.0
U0.74Mo0.26H2.22,165.0
Fe3W3N,110.0
Fe1.25Mo3Pt0.75N1,225.0
Mn2Sb,550.0
Gd0.33Ho0.67,135.0
Sm2Fe17,408.5
SiNi2,200.0
Fe8N,810.0
Sm1.6Ho0.4Fe17,388.0
Ca0.4La0.6Mn1O3,250.0
CaFe16Cu2O27,683.0
Dy0.5Ho0.5Co2,109.0
Dy0.9Ho0.1Co2,130.0
Ho2TiMnO7,7.5
Dy2TiMnO7,7.6
Mn0.02Zn0.98O1,300.0
Sm2Cr2Fe11(Co2C)2,375.0
Sm2Cr2Fe15C2,300.0
Y3(Fe31B7)2,473.0
Mn0.5Al0.4Zn0.5Fe1.6O4,327.4
Mn0.6Al0.4Zn0.4Fe1.6O4,332.4
Sm(TiFe)7,500.0
Sm3(TiFe)29,469.0
Fe1Co1Cu0.2Si0.2Ni1,887.0
CrGaFeCoNi,703.0
MnCrFeCoNi,41.0
CrFeCoNi,112.0
CeY9,2.0
GaFe3Te2,380.0
La2Nd2Fe23B3,649.0
UAlPt,46.0
ZnTe2Pt,40.5
Nd6Fe13Pd,173.0
Co2H3ClO3,10.5
La0.9Ce0.1Mn1O3,200.0
BaMnF4,300.0
Tb(MnSn)6,423.0
Y(MnSn)6,333.0
Sr0.4La0.6Mn1O3,400.0
FeAg,853.0
Cr1Sb0.4Te0.6,250.0
Al1.2Fe2B2,272.0
Mn6Al4CoNi9,300.0
Cr1.1Fe1.9O4,557.0
La0.9Mn1O3,295.0
Ga0.8Fe0.2Sb1,170.0
In0.8Fe0.2Sb1,190.0
GaFeSb,170.0
GaFeO3,210.0
GdBr2,229.0
GdCl2,224.0
GdI2,231.0
Gd(BN)2,335.0
EuSi2(NO)2,4.5
Eu2Si5N8,24.0
Eu2SiN3,13.0
SmFeN,750.0
MnCrFeSiBMoPC,552.0
Tm(CrFe5)2,466.0
CrFeCoNiPd2,503.0
AlCrFeCoNi,430.0
La0.67Mn1Pb0.33O3,360.0
Mn0.8Ni2.2Ge1,151.0
Mn0.9Ni2.1Ge1,283.0
Ca0.12Nd0.88Mn1O2.98,82.0
Mn2AuN,1516.0
La1Al1.56Fe11.44H3.2,438.0
LaMnPO,375.0
La0.8Mn1Ag0.2O3,278.0
NdCu5,15.0
Mn0.3Fe2Co0.7O4,754.0
Sm2Co14B,1008.0
Sm2Co19B4,165.0
Fe2.9Sn0.1O4,300.0
Zn0.9Fe2.1O4,366.0
Zn0.75Fe2Ni0.25O4,340.0
Cr0.01Ge0.99,126.0
LaCrO3,1.8
Ce2Co7,50.0
LaCeCo7,260.0
MnNi2Sb,350.0
Tb37(Gd20Ga)3,297.0
Tb2Gd3,270.0
LiMn2Sb,1193.0
LiMn2As,1289.0
FeCu3Ni,625.0
Fe3Au7,415.0
FeAu4,290.0
FeNiMo,923.0
Fe19Ni81,833.0
Li1Mn1.5Ni0.5O4,145.0
Al1Fe1Co1Cu1Ni0.5,900.0
ErFe3,552.0
UCu2,725.0
TbCo2,233.0
FeCoBP,791.0
MnFe12Ni7,300.0
Gd71Co29,166.0
CeS,349.0
GdScGe,349.0
LaFe13Si13H,295.0
LaCo13,1318.0
Gd2Al,114.0
NdCo2,583.0875
Gd0.67Zr0.33,60.0
Gd0.67Y0.33,70.0
Th2Ni17,498.0
Dy3(TiFe)29,438.0
Nd3(TiFe)29,437.0
La0.85Co1.68As2,99.4
TiCoSb,900.0
Mn1.04Sb0.98Rh0.98,338.0
MnSbRh,320.0
Ca1Ti0.7Fe0.3O3,610.0
MnCo2Sn,830.0
Nd3(FeMo)29,395.0
Zn0.94Fe0.05Cu0.01O1,550.0
Sm0.99Gd0.01Al2,124.0
SmAl2,120.0
Mn3Sn,265.0
GdCuO3,750.0
Gd4Co3,207.75
Er3(AlNi3)2,2.4
Ho3(AlNi3)2,14.5
UCoGe,3.0
Fe3Se4,322.0
Ce0.12Ni1.88,40.0
Tm57Al25Cu18,4.9
Ho57Al25Cu18,22.2
GdTiFe11,621.0
Nb9Co66Cu(SiB)12,135.0
FeRh,557.5
Sm1Co6.1Si0.9,718.0
TbFe,180.0
ThMn12,527.0
Th1Fe0.22Sn2,4.2
Th4Fe13Sn5,375.0
MnNi2Ge,300.0
Mn25.9Ga28.9Fe45.2,329.0
Ce2.6Nd10.4Fe82B5,556.0
Mn4FeSiGe2,318.0
TbCu7,470.0
Hf6Co23,750.0
NdAlFe,110.0
V1.35Fe1.65O4,295.0
YCo4Ge,502.0
Fe9Co16,1212.0
Fe67Co33,1258.0
Ce0.79Ta0.07Zn0.47Fe0.89Co3.77,800.0
Nd7Nb4Fe70B19,943.0
Nd7Gd2Nb4Fe67SiB19,958.0
Fe3.5Co64.3Si16.5B11W4.7,473.0
CoS,404.0
HoN,16.5
Tb1Fe5.8Co5W1.2,1003.0
Tb1Fe0.8W1.2,560.0
Mn44Fe5(Ni15Sn2)3,301.0
Hf6.5Fe15Co51B27.5,527.0
Zn0.7Fe2Co0.3O4,370.0
Zn0.54Cr0.6Fe1.4Co0.46O4,318.7
Zn0.6Fe2Co0.4O4,341.0
Zn0.63Fe2Co0.37O4,319.0
YbGePt,4.7
YbGePd,11.4
(CoSe)2,78.0
Fe75Si8Ni2B13C2,683.0
Tb6Co1.67Si3,178.0
Gd6Co1.67Si3,298.0
Gd6Si3Ni1.67,305.0
Ce2GeRh3,4.0
Tb0.9Gd0.1Ni1,68.0
Tb0.1Gd0.9Ni1,72.0
TmCrO4,18.0
ErCrO4,15.0
Ce17Nb0.5Ga0.5Fe76.5Cu0.5B6,421.8
Ce17(Fe13B)6,424.5
La0.89Mn1O3,270.0
MnNiGe,346.0
Dy(P3Os)4,2.0
Sm6Fe23,390.0
Fe2B,1015.0
Fe2B0.7C0.3,698.0
La1Fe0.88Si0.12,276.0
Mn2AlV,760.0
GdCu4Ag,10.0
AlFeCo2,1179.5
Pr2Co14B,1000.0
Pr2Co17,1171.0
Gd5Si4,335.5
AlCrCo2,319.5
Sm2Fe17C2,670.0
YCrO4,9.0
YMnFe,125.0
YMnFeH5,293.0
MnO3,80.0
Mn25Ga23Ni52,360.0
Pr(GeRu)2,16.0
Ce3Co11B4,265.0
La(MnGe)2,320.0
CrBr3,37.0
Fe3P,700.0
Fe1.8Co0.2Si0.2P0.8,480.0
Fe1.75Co0.2Si0.2P0.8,480.0
Fe7Se8,450.0
Zr(Fe5Si)2,598.0
Zr6Fe23,821.0
GdFe2Co2B,770.0
GdCo4B,505.0
La0.67Mn1Ag0.15Pb0.18O3,288.0
La0.67Mn1Ag0.1Pb0.23O3,316.0
In(FeO2)2,250.0
Nd(MnGe)2,334.0
Zn0.9Co0.1O1,750.0
CrN,280.0
Fe7Pd3,763.0
Ti2FeSn,475.0
Ti2FeGe,354.0
U(GaFe)6,515.0
GdMgNi4,77.6
SmCrO4,3.5
Y1Fe10Si2N0.5,673.0
Sr0.75Gd0.25Fe12O19,736.0
Fe3Ni,950.0
Mn2GaPt,230.0
Mn2SnPd,411.0
Ho0.5Er0.5Co2,50.0
Ho0.9Er0.1Co2,72.0
BaLa2CuO5,5.0
Mn4Si7,47.0
GdAlRh,30.0
PrAlRh,5.0
LaAlRh,2.4
NdAlRh,10.5
MnAlCoIr,400.0
HoNi3,57.0
Tb6Fe23,586.0
TbFe2,703.5
MnGaCoNi,657.3
Mn1Ga1Fe0.5Co0.5Ni1,657.3
MnGaFeNi,321.8
Mn1Co0.25Sb1,325.0
Mn1Fe0.25Sb1,241.0
Zn0.54Cr0.65Fe1.35Co0.46O4,328.0
Mg1.37Ti0.37Fe1.26O4,319.0
YTiFe11,534.0
Ga19Fe81,970.0
Gd3Si2Ni,215.0
Zr7Fe43CuNi43B6,646.0
Zr7Fe86CuB6,344.0
MnCoSn,670.0
Sm0.5Gd0.5Co2,300.0
MnCoAs,350.0
Sm2Fe16Si1C2.7,660.0
Lu1Fe11.3W0.7,490.0
Nd1Mn1.4Co0.6Ge2,100.0
Ho0.75Er0.25Ni2,12.3
Ho0.25Er0.75Ni2,8.0
GdNi4B,36.0
Gd34(AlNi)33,38.0
Ca2FeReO6,540.0
Pr41Co9,540.7
PrGaSi,10.0
UNi,35.0
Ho7Rh3,22.0
Ho3Rh,25.0
Mn45.1Ni49.8Sn5.1,330.0
Dy0.7Er0.3Co2,106.0
Sr0.4La0.6Co1O3,235.0
ErTiFe11H,563.0
ErTiFe11,515.0
Mn0.2Zn0.8Fe2O4,329.5
Pr3Ti1.5Fe13.75Co13.75,913.0
GdRu1222,94.0
Nd2Fe14Co14B,582.5
Tb0.26Gd0.74,278.0
Fe69Si31,780.0
Mn3Fe3O4,570.0
Cr(FeO2)2,553.0
MnNiSn,773.0
Ba1Sc0.6Fe11.4O19,638.0
Gd0.1Y0.9Fe2H3,310.0
MnBPbO4,30.3
Tm2Al3Cu,4.7
Dy2Al3Cu,24.5
Nd6AlFeCo2,496.0
Gd6FeBi2,350.0
Gd6CoBi2,130.0
Gd6CoTe2,220.0
SmFe12,547.5
Tb2Al3.14Fe13.86,475.0
Tb2Fe17,415.0
CeGeAu,10.0
Zn0.5Fe2Co0.4Ag0.1O4,388.0
Sr0.4Nd0.6Mn1O3,273.0
MnGaN,400.0
Cu27.5Ni72.5,318.0
Nd12Co6Pb,194.0
CeCo3,80.0
UNi2,23.0
Y3(CrFe)29,410.0
Y2Cr2Fe15,368.0
Dy5(In2Ni)2,105.0
MnN,368.0
Mn0.15Bi1.85Te3,45.0
Gd55Al18Zn2Ni25,84.0
InNi2,275.0
Lu3Co7.77Sn4,63.0
Dy2MnCoO6,88.0
Sm2MnCoO6,123.0
Gd3Al2Ni6H8.6,69.0
GdCoC,16.0
Fe0.05Sn0.95O2,360.0
La1Fe10.84Co0.66Si1.2Ni0.3,294.0
La1Fe10.94Co0.66Si1.2Ni0.2,285.0
La1Fe11.04Co0.66Si1.2Ni0.1,272.0
Sr1Mn0.5Ir0.5O3,110.0
ZrCo,750.0
Tb3(CrFe)29,477.0
GdMg,110.0
Ca1.6La1.4Mn2O7,235.0
Nd13Dy2Fe77(BC3)2,590.0
CoSiNi2,900.0
Sm0.8Tm0.2Co5.2,965.0
Ce1.3Pr0.7Co7,214.0
Fe2CoAs,1013.0
MnFe2As,488.0
ZrFe3,550.0
Ni5W,365.0
Lu2Mn0.5Fe16.5,287.0
Mn(CoO2)2,166.0
Mn2Ga2Ni,348.0
Ca1.6La1.2Sm0.2Mn2O7,85.5
Ca1.6La1.2Nd0.2Mn2O7,78.0
Ca1.6La1.2Pr0.2Mn2O7,92.5
Ba1.2Sr0.8Fe1Mo1O6,330.0
DyFe5(BiO6)2,563.0
Cr2Co0.75Ni0.25O4,76.8
Cr2Co0.5Ni0.5O4,56.1
SmFe2,676.0
NiPt,658.0
NdPd,15.0
Zr7Fe13,255.0
Tb7Rh3,73.0
Fe2Co2Si,875.0
Gd6Mn23,468.0
YNbFe41B7,416.0
GdNbFe41B7,450.0
Ti0.1Fe2.9O4,798.0
Cr1.11Fe1.9O4,533.0
Ho6MnBi2,200.0
Ho6CoBi2,70.0
Ho6FeBi2,54.0
Ca0.12La0.88Mn1O3,150.0
Fe5SiC,780.0
Fe3Ge2,230.0
Fe0.019Ge0.981,300.0
Zr0.3Fe1.7Co1O4,813.0
Nb3Fe73.5Cu1Ge15.5B7,664.0
MnFeGe,163.0
Zn15NiO15,326.8
Ga17Fe83,988.0
Ga21Fe79,954.0
Y1Fe9.5Mo2.5,300.0
Y(Fe3Mo)3,180.0
Y(Fe5Mo)2,345.0
Zn0.5Fe2Co0.5O4,396.0
HoNiC2,4.0
HoCoC2,9.0
LaTiO3,150.0
Mn0.08Ga0.92,173.0
AlNi3,41.25
Fe2Co3,1283.0
Ho(MnSn)6,376.0
MnV2O4,57.0
In0.95Ni3C1,577.0
Co2NiO4,300.0
Fe4Ni4N,720.0
Fe2Ni2N,441.0
Pr1Fe1.9,521.0
Dy1Fe1.9,636.0
MnFePt,570.0
CeCo5,653.0
0.05Sr0.4Pr0.55Mn1O3,303.0
La0.5Pr0.5Fe11.44Si1.56H1.6,320.0
VGeRu2,126.0
Sr0.4Nd0.6Co1O3,200.0
CeNd(TiFe11)2,593.0
NdY(TiFe11)2,595.0
TmGa,15.0
Mn12Ga11Co2Cu2Ni23,393.0
Mn28.5Ga21.7Ni49.8,368.0
CuNi,200.0
Ho(AlFe)6,315.0
Fe23Co23B6,698.0
LaAlO3,160.0
Ca0.21La0.7Mn1Ag0.09O3,263.0
Sr0.3La0.56Ce0.14Mn1O3,357.0
GdGaRh,58.0
NdGaRh,9.0
LuCo3,376.0
Gd2Fe14B,623.05
SmCo7,1046.5
Sm(FeCo)7,910.0
PrNi,20.5
Tb0.75Dy0.25Ni2,32.3
Tb0.5Dy0.5Ni2,28.1
Tb0.25Dy0.75Ni2,23.9
Mn0.41In0.59As1,1.6
ZrTiCoSn,1648.0
Tb0.8Sm0.2Fe2,673.0
La1Mn1.5Ni0.5Bi1O6,75.0
La1.6Mn1Ni1Bi0.4O6,255.0
La1Co9.2Si3.8,79.0
La1Co9.1Si3.9,36.0
LaCo9Si4,900.0
Tb1Mn1.3Fe0.7,220.0
Li0.88Fe0.2736H1Se1O1,10.0
NbFe83CuSi2B9P4,598.0
Er55(Al3Cu2)9,11.0
Nd2Fe13CoB,740.0
La1Fe11.5Si1.5Ni11.5,200.0
CoS2,122.0
CoSe,10.0
NiAs,318.0
Co3C,563.0
FeO,873.0
Mn5SiB2,480.0
Mn1Fe0.04Co0.96Ge1,299.0
Mn1Fe0.08Co0.92Ge1,24.0
La0.7Y0.3Fe1O3,710.0
LaFeO3,730.0
Nd2(NbFe)17,413.0
HfCo7,773.0
ErNiBC,5.0
Cr23.5Co16.5,345.8
Cr25.5Co14.5,282.8
Cr24.5Co15.5,313.7
PrCu,749.0
CrFeCoCuNi,118.0
ZrNi5,647.0
GdInPt4,20.0
Fe13Ni7,920.0
Gd2MnNiO6,128.0
MnS2,225.0
MnAsRu,600.0
Hf2CrIn,1213.0
Hf2CrGa,832.0
Hf2AlCr,362.0
MnCoGeRh,760.0
EuGe2,23.0
MnGaFe2,185.0
Ti(FeS2)2,285.0
Ce1Mn0.5Fe2,167.0
Ce1Mn0.5Fe1.5,150.0
Tb0.67Au0.33,130.0
Si3Ni15B2,100.0
SiNi8B,180.0
EuMnO3,42.5
Sm0.8Gd0.2Ti0.75Fe9Co2.25,816.0
Ba0.3La0.7Mn1O3,313.0
PrCo4B,463.0
Sr0.45Nd0.55Mn1O3,273.0
Tm2Fe14C,650.0
Gd0.65Dy0.35,253.0
Gd0.3Dy0.7,213.0
Gd0.27Ho0.73,173.0
Zn0.8Fe2Co0.2O4,283.0
Cr2CuTe4,360.0
Gd5Ni0.71Bi2.29,162.0
CaNdCo4,5.0
Al17.65Cr11.76Fe23.53Co47.06,1061.0
Ba2Er2CuPtO8,25.0
Er3AlCu,13.3
U(Fe5Si)2,640.0
Ce0.3Nd0.7Y1Fe17,301.0
Ta2Fe21(Co7B2)3,725.0
SnSe2,65.0
Ce0.4Sm0.6Co5,905.0
Ce0.6Sm0.4Co5,868.0
MnCu(BiO3)2,340.0
EuInPt4,53.0
Pr(FeAs3)4,18.0
Hf0.875Ta0.125Fe1.98,303.0
Fe50.4Rh49.6,675.0
Al1.5Cr1Fe2Co4,1061.0
Nd9(Fe11B2)7,563.0
Y(Fe5Si)2,558.0
Pr(MnGe)2,334.0
Gd6Co4.85,219.0
Co2B,433.0
Fe1.35Co0.55B1W0.1,729.0
Fe1.4Co0.6B1,717.0
Sm3Fe22,473.0
Pr1Mn1.5Co0.5Ge2,138.0
La0.6Ce0.4Fe11Si2,210.0
CeNiSb2,6.0
Nd3(Fe31B7)2,483.0
Nd2Fe23B3,653.0
DyZn,135.0
Dy2Fe17,187.0
HoMnCo2,248.0
MnFe3N,300.0
Gd2Y5Pd3,150.0
LiMnZn,55.0
Ca0.1La0.9Mn0.1Zn0.9As1O1,13.0
Pr1.64Sm0.36Fe17,299.0
Sr1.66La1.34Mn2O7,118.0
Ba2YFe12(CoO11)2,603.0
DyFeCo,473.0
Tb0.15Ho0.85Fe2,645.0
Tb0.15Ho0.85Mn2,30.0
Ti0.5Cr0.5N1,135.0
Gd21.6Fe67.8Co10.5,500.0
MnFeCoAs,928.0
Mn2B,350.0
Mn5O8,131.0
MnCdGeP2,320.0
FeF2,78.0
CrSiTe3,31.5
Fe36.75Co36.75Si13.5Cu1B9Mo3,728.0
Nb3Fe36.75Co36.75Si13.5Cu1B9,733.0
U1Co0.5Sb2,64.5
U1Cu0.9Sb2,113.0
Fe76CuB13Mo10,277.0
Tb2AlCo2,102.0
Sm1Fe9.6Co2.4,859.0
Nb3Fe73.5Cu1Si13.5B9,733.0
LaCr2Si2C,30.0
Hf2Co7,390.0
Mn0.81Ga1Fe0.01Ni2.18,320.0
Dy0.2Sc0.8Ni2,4.5
Sm0.61Zr0.4V0.96Fe11.03,599.0
Hf7ZrFe89B3,600.0
Hf7ZrAl3Fe89,610.0
Sm1V2.2Co9.8,360.0
SrFeWO6,500.0
Ca1.9La0.1Mn1Ir1O6,110.0
Ca1.5La0.5Mn1Ir1O6,140.0
Zn0.4Fe2.6O4,624.0
Fe7C3,523.0
MnCo(BiO3)2,800.0
Cr2.2Co0.1Cu0.78Se4,362.0
Ta1Fe0.25S2,160.0
TbN,34.8
MnSnRh2,411.5
Ba0.2La0.8Mn1O3,260.0
Ba0.1La0.9Mn1O3,165.0
CeFeB,440.0
NdCu,457.0
BaFe15O23,795.0
Zn0.96Co0.04O1,750.0
Cr1I1.5Cl1.5,22.0
Cr1Br1.5Cl1.5,34.0
Cr1I1.5Br1.5,43.0
Cr4Co36Si3B7,483.0
TbGa7Fe5,398.7
Tb(GaFe)6,505.7
MnCoP,600.0
AlFe3N,770.0
ZnFe3N,762.0
Y2Co7,689.0
Ba0.25Nd0.75Mn1O3,129.0
Sm2Fe14C,588.0
Sm14Fe79C7,444.0
CrSBr,146.0
Tm4MgPt,4.5
Tm4MgPd,6.0
Eu4MgPd,150.0
Er4MgPt,21.0
Zn0.4Fe1.6Mo1O4,265.0
Fe2MoO4,348.0
Er3Si11Pt23,3.39
Gd3Si11Pt23,42.0
Er3VFe28,408.0
Gd3V1.5Fe27.5,527.0
Gd3Ti1.5Fe27.5,525.0
Mn0.2Co1.8B1,449.0
Cd0.9375Co0.0625Te1,328.85
Cd0.9375Co0.0625S1,493.28
Dy11(Ni10C)6,4.8
Gd5Si1.7Ge2.3,241.0
Gd5Si1.65Ge2.35,222.0
Mn3.95Cr0.05Sb2,550.0
V4Fe,200.0
V11Fe3,340.0
V11Fe6,700.0
GaFe2Ni,600.2
Gd11Fe(CoSi)4,308.0
Dy2Ge2Ru,61.8
Mn2ZnO4,1298.0
BaFeO3,250.0
FeCo14Si3B2,637.0
Nd2FeCo6,680.0
Nd2Co7,609.0
ZnFe2NiO4,843.0
Sm3Cr6Fe6.9Co16.1,607.0
Sm3Cr6.5Fe4.5Co18,566.0
Sm3Cr7Fe2.2Co19.8,440.0
CrFeCo,1123.0
MnNiO3,452.0
PrSmCo5,923.0
GdCo3,611.5
Ca0.3La0.7Mn0.95Co0.05O3,195.0
1La1Fe1.33W0.67O6,500.0
Ba0.33La0.67Mn0.85Sn0.15O3,288.0
Er2Mo2C3,8.0
Ho2Mo2C3,13.5
Mn1.1Fe0.9Ge0.2P0.8,251.0
DyCoC2,9.7
HoAl2,31.5
Gd0.06Ga0.94N1,400.0
La0.04Al0.5Zn0.4Fe1.46Co0.6O4,790.0
Mn2GaCo,712.5
MnO2,44.0
Sr0.5La0.5Co1O3,80.0
DyCo2B2C,7.7
TbCo2B2C,5.3
GdCo2B2C,17.2
Cr2Ni22W,77.0
Cr2AsP,794.0
Mn25(Ga12Fe13)3,200.0
Mn3CuN,143.0
YCo2H3,500.0
ZrCr,773.0
VFeCo,1143.0
ZrCrMo,653.0
YVFeCo,1153.0
Nd1Fe9Si2C0.5,338.0
UH3,174.0
Zr2Co1H4.8,128.0
Ce2Ga2Fe15,406.0
Ce2Fe17,238.0
FeCu,590.0
Fe2Cu3,450.0
Dy3Al2,94.0
Ba0.5Sr0.3Gd0.2Zn0.2Fe11.8O19,5.0
LiEuF3,631.0
Fe17B3,630.0
Sr0.35Sm0.65Mn1O3,85.0
RbMn,12.0
Sr1.6La1.4Mn2O7,100.0
La1Mn0.5Fe0.5O3,380.0
NiPd,638.0
Gd13Zn2Fe5,288.0
Lu2Fe17,470.0
Tb1Ga1.7Fe0.3,34.0
Fe22Si3,953.0
Sm0.7Zr0.29Ti0.6Fe9.085Co2.3,805.0
Sm0.86Zr0.14Ti0.64Fe9.085Co2.3,829.0
Eu1Al2.75Zn1.25,25.0
EuZnGa3,14.0
Pr29(Al3Fe4)3,40.0
Nd6AlFe2Co,50.0
Mn19.6Ga25.4Ni55,307.0
Mn20.6Ga24.4Ni55,309.0
Fe0.82Ni0.18,673.0
Nb4Fe72Si4.8B19.2,593.0
GdAlCu,82.0
Mn3Fe10Ni7,242.0
Nb4Fe36Co36Si5B19,719.0
CrCuO2,285.0
Gd20Si3B2,129.0
Sr0.4Sm0.6Mn1O3,40.0
Mn2CoO4,186.0
Mn2Sn,250.0
Y3Al2(FeO4)3,225.0
MoSe2,700.0
Pr2Co7C,130.0
La1Mn0.5Co0.5O3,237.0
Fe3.8Co69.7Ni1B15Mo1.5,700.0
HoB2,15.0
La1Fe11.5Si1.5N1.6,80.0
La1Mn0.3Fe11.2Si1.5N3,374.0
Fe2.94B1Mo0.06,780.0
Sr1.5Pr0.5Co1O4,200.0
Mn54.5Ga45.5,578.0
Mn54.5Al45.5,644.0
La1Fe10.8Co0.8Si1.4,285.0
La1Fe11.1Co0.5Si1.4,4.2
La1Fe11.5Co0.1Si1.4,202.0
Fe3Co,1038.0
Gd1Fe2H3.3,469.0
NdFe9Si2,405.0
Sr1.2La0.8Fe1Ir1O6,700.0
PrCo,338.0
Pr5Co19,690.0
GdMn5(Ga2Ni5)2,362.0
SmB2Ru3,45.0
TbCo,503.0
La1.7Fe11.6Si1.4,181.0
Sr0.3La0.7Mn0.9Cu0.1O3,320.0
Mn0.05Ga0.95As1,110.0
La1Fe10.8Si2.2,242.0
Pr6AlFe3,548.0
Nd6AlFe3,50.0
Sc1Fe1.5Si0.5,145.0
Sc1Fe1.7484Si0.1116,570.0
ScFe2,543.0
Sc1Fe1.92,620.0
CoBi,493.0
Mn0.84Ga1.02Ni2.14,343.0
Fe35(Si2C3)3,500.0
Fe4Si,865.0
GdGeRu,72.0
HoGeRu,40.7
ErGeRu,8.0
Ce1Fe10.5Mo1.5,341.0
Ti0.2Fe1.6Co1.2O4,745.0
Zr0.2Fe1.6Co1.2O4,718.0
Sm(CoCu)5,30.0
YFe11Mo,471.0
DyFe11Mo,490.0
ErAl2Ni,5.0
HoAl2Ni,7.5
GdFe11Re,518.0
Nd3Zr(Fe22B)2,248.0
FeCo72,720.0
FeCo76,778.0
Mn29Fe43Si28,196.0
CrFeSe,412.0
GdAl2Ni,39.0
Mn3AlC,287.5
GdAlFe,275.0
DyFe2,635.5
Ba0.3Fe12Pb0.7O19,719.0
Ba0.9Fe12Pb0.1O19,708.0
Er0.97Co2,46.0
Dy2Fe14B,594.1
Nd1Hf0.2Co6.8,1065.0
Mn1.25Sb1Pt0.75,530.0
MnSbPt,555.0
Eu(P3Ru)4,5.0
Tb62.5Co37.5,586.65
MnCr2O4,43.45
Ti0.5Fe2Co0.5Si1,790.0
Mn0.25Al0.25Fe1Co1Ni1,1073.0
Pr8Nb4.92Fe38.54Co38.54B10,923.0
Pr4Fe43B3,573.0
GdZn,184.0
EuN,120.0
Nd2V1.4Fe12.6B1,415.0
Nd5V7Fe38,593.0
NdV12Fe12N,411.5
Nb5Al4Fe78CuB12,450.0
Sm(TiFe)12,550.0
Tb0.5Pr0.5Fe1.9,636.0
Tb0.5Pr0.5Fe0.7Co0.3,700.0
Tb0.5Pr0.5Fe0.4Co0.6,634.0
Eu4Au,85.0
La0.94Mn1Bi0.06O3,209.0
La0.8Mn1Bi0.2O3,167.0
UGa7Fe5,439.0
UAl5Fe7,363.0
UAl7Fe5,265.0
WSe2,300.0
Ga26.56Fe73.44,984.0
PrCo9Si4,24.0
Zr18Co77Mo5,723.0
Ti3Fe0.5Co0.5Bi5O15,618.0
Dy(MnGe)2,40.0
Dy1Mn1.5Cu0.5Ge2,79.0
Cr5.5Co94.5,1165.0
Cr14.3Co85.7,830.0
BaLa(CoO3)2,178.0
Sm0.6Gd0.3Dy0.1Co5,869.0
Sm0.6Gd0.4Co5,825.0
LaCoAsO,66.0
LaCoPO,43.0
Mn7In3Ni10,11.0
NdScSi,50.0
Y1V9.66Fe9.66,439.0
MnGaAsP,70.0
Gd4Mn,278.0
Fe(Bi5O8)5,227.0
VCrFe2,316.0
NbFe38B11,14.0
Nd10.4Dy2.6Fe70.875Co10.125B6,688.0
Ga2FeCo,169.0
MnGa2Co,25.0
MnGa2Ni,330.0
Ga2FeNi,150.0
ErInNi,9.0
Cr0.02In0.98N1,350.0
Gd0.2Sc0.8Ni2,13.6
Ca0.27La0.7Mn1Ag0.03O3,263.0
U3(FeGe)4,18.0
USn,49.0
U5Sn4,62.0
Nd(AlFe)2,260.0
FeGe,279.1
NdAl2,76.5
La1Fe1.5Ni3.5,250.0
Hf2Co11,773.0
Mn1.08Bi1,473.0
Er2Al17,6.0
Mn2GaRu,272.0
Mn2GeRu,303.0
Sr0.3La0.55Ce0.15Mn1O3,356.0
Y1Mn6In0.99Sn5.01,297.0
Y1Mn6In0.24Sn5.76,323.0
Sc1Mn6In0.96Sn5.04,357.0
Sc1Mn6In0.31Sn5.69,377.0
Mn0.1Sn0.9O2,300.0
Co0.05Sn0.95O2,499.0
Mn0.02Cr0.13Sn0.85O2,565.62
Mn0.02Cr0.15Sn0.83O2,663.55
Gd17Cu8,140.0
SrFe15O23,760.0
Fe81Si4(B6C)2,693.0
Fe13Si5C2,800.0
Fe7SiC2,561.0
CrCl3,66.0
Ta4.3Fe12.4Co28.6B8.7O46,600.0
ZrMnCo2,600.0
AlCr2C,73.0
Cr2GeC,0.0
Ba0.3La0.7Ti1Mn1O5,348.0
Tm2(Al3Co)3,2.0
Nd1.8Dy0.2Fe10.5Co3.5B1,798.0
Gd23Co77,433.0
AlCrN,900.0
0.1La0.8Mn1Ag0.1O3,310.0
Na0.1La0.8Mn1Ag0.1O3,320.0
MnAlFe2,150.0
Zr5Mn2Fe41B2,262.0
Sm2TiFe7,577.0
Mn1Si1.7,47.0
Ba(CuSe)2,18.0
MnPt3,375.0
Pr2Fe14C,513.0
NdAl2Ni3,253.0
MnZnSb,311.0
Lu2Fe14B,516.0
U3NbSb5,107.0
HfU3Sb5,141.0
ZrU3Sb5,135.0
EuTiO3,4.0
Ni3N,634.0
CrFeCoGe,866.0
Sr0.15Ca0.15La0.7Mn1O3,325.0
Gd12Ga3Ni5,140.0
GdGaNi4,22.0
GdGa3Ni2,18.0
Co3(SnS)2,174.0
Pr9Fe86B5,579.0
Nd9Fe86B5,560.0
DyAlCo4,479.0
DyCo5,970.0
Fe7.14Co23.67Si12.26Ni43.08B13.85,335.0
Tb(Fe5Si)2,673.0
Ba0.34La0.66Mn1O3,340.0
Fe2SnSe4,301.0
Fe2GeTe4,149.9
Mn0.05Si0.45Ge0.55,160.0
La(Fe2B)6,35.0
Y1Fe0.45Co2.55,967.0
Gd5Si2.7Ge1.3,304.0
Ba1Cr3.4Fe8.6O19,465.0
SmZrFeCoCu,573.0
TiAlPd2,900.0
Y13Ho15(Al6Co5)2,20.0
La1Fe11.44Si1.56,197.5
Sm(FeSi)2,3.5
GdAlNi,59.0
FeCoNiPt,851.0
FeCoNiPd,955.0
YbCuGe,8.0
GaFe,923.0
CoH3C3(IO3)2,14.9
FeH3C3(IO3)2,19.0
MnFeP,300.0
La1Fe0.9Co0.015Si0.085,198.0
Nb2.6Al0.8Fe64.7Co8Si17.5Cu1Ge0.4B5,921.0
Gd10MnCo9,278.0
Gd25FeCo24,245.0
Sm1Co2.5Cu2.5,473.0
CePd,6.5
Mn1.415Cu0.025Ni2Sn0.56,321.0
Mn2SnRu,272.1
NbFeCoCuNiB,1223.0
Sm(FeP3)4,1.6
Fe2SiRu,767.0
Ce(BIr)2,6.0
CeB2Ir2C,3.8
MnGe4,340.0
NdIr3,10.6
CeIr3,2.5
Pr2(AlFe)17,357.5
Ba2CrWO6,145.0
Ba2CrMoO6,335.0
CeTiGe3,14.0
Mn2O3,75.0
Ca0.33La0.67Mn0.9V0.1O3,190.0
Tb0.36Dy0.64Fe1.6Co0.4,706.3
Tb0.36Dy0.64Fe1.8Co0.2,689.7
Tb0.36Dy0.64Fe2,660.1
Tb0.3Dy0.7Fe2,656.3
Fe10Si2B3,713.0
La1Fe10.9Co0.7Si1.4,276.0
La1Fe11.6Si1.4,190.5
Ni3Pt,388.0
Dy0.1Sn0.9O2,350.0
Zr3Fe22,232.0
Zr0.3Mn53Al45C2,557.0
Gd26Ga9Ni8,68.0
YFe2Co2B,620.0
Cr15Co73Pt12,958.8
La3Fe85B12,477.5
Dy2Mn5Fe12,232.0
Lu(Fe5Si)2,540.0
La1Al1.56Fe11.44,440.0
MnFeCoGe,750.0
Sm0.9Zr0.1Fe8.4Co2.8Mo0.8,775.0
Ho2InNi2,10.5
Nd2InNi2,10.5
Fe58Co14.5Si12.5B15,730.0
Gd4Sb3,10.0
TmAlCo4,511.0
TmCo5,1020.0
La0.7Mn0.7Fe0.3Te0.3O3,78.0
La0.7Mn0.9Fe0.1Te0.3O3,171.0
Nb1Fe75.24Si8.91B9.9P4.95,627.0
Fe19Co,1100.0
Gd3(GaNi3)2,104.0
GdTiSi,294.0
Ho2Fe14C,673.0
Sm2O3,292.0
Mn0.02Sn0.98C0.1O1.9,402.26
Mn1.2Sn0.8Ru2,310.0
MnSnRu2,310.0
Fe13Rh7,845.0
Dy11Al2Co6Si,34.0
Ho11Al2Co6Si,18.0
NdGa,42.0
Gd3Er3Mn23,465.0
Gd3Y3Mn23,497.0
Ho3V2Fe27,4.2
Th(CoSi)2,320.0
Th(CoGe)2,67.0
Mn3As2,270.0
Fe2Co,1176.0
Fe51Co49,1180.0
Ca0.35La0.65Mn1O3,273.0
Ca0.3La0.65Mn1Pb0.05O3,286.0
Ca0.3La0.65Mn0.9Cu0.1Pb0.05O3,223.0
Tm3AlCo,5.0
Er3AlCo,10.3
Ho3AlCo,22.3
Sr2Fe1Mo0.3W0.7O6,270.0
Sr2Fe1Mo0.1W0.9O6,70.0
Gd1H0.2,296.0
Pr1Co4.5Si0.5,645.0
PrGaCo4,470.0
NiI2,129.0
FeCl2,109.0
MnGeRh2,450.0
PrV7(FeB)7,448.0
PrV12(FeB)12,593.0
PrNdV12(FeB)12,587.0
Pr2MnFeO6,576.0
Mn2GaC,760.0
Gd2Hf9Al4Co5,75.0
Gd11Al4Co5,110.0
Nb23Fe23Co23B6,869.0
MnCuSb,55.0
NdSnRh,10.3
PrSnRh,3.0
Nd6Co2Si3,35.0
Tb6Co2Si3,186.9
Er2Ga2.5Ni1.5,4.1
Ho2Ga2.5Ni1.5,10.6
Dy2Ga2.5Ni1.5,16.1
Tm2Ga2.5Ni1.5,4.8
La1Mn0.8Cr0.2O3,156.0
Ce2BF14,442.0
La2BF14,530.0
VGaCo2,300.0
Tb5(SiGe)2,116.0
CrGaN,400.0
Mn0.99V0.01Co1Ge1,318.0
Sr0.5La0.5Mn1O3,352.0
Y(VFe5)2,532.0
Ce2(MnCo5)3,740.0
Ce2Mn2Co15,772.0
Ce2Co17,1100.0
Nd(FeP3)4,1.94
Ce3Sn6Ru,3.0
MnSe2,317.0
Fe7Co3,1248.0
Mn1Fe0.1Ni0.9Ge1,218.0
Dy2AlFeO6,7.8
FeCoCuO4,688.0
Zr7Fe82.5Co2.75Cu1Ni2.75B4,398.0
Zr7Fe88CuB4,295.0
Nd1Ti0.5V1Fe10.5,586.0
Ga14Co25Ni11,360.0
Sr1.85Nd0.15Fe1Mo1O6,428.0
Li1Mn1.5Cu0.5O4,39.0
Li1Mg0.5Mn1.5O4,23.0
Li1Mn1.5Zn0.5O4,21.0
InCuTe2,980.0
Ce0.02In0.9Co0.08Cu1Te2,783.0
GdCrO4,25.0
BaZn2(CoAs)2,53.0
CrAs,400.0
Na0.05Sr0.4Pr0.55Mn1O3,289.0
GaFe19,948.0
Eu(FeSb3)4,82.0
Pr(FeSb3)4,5.0
Np2Ga3Pt,26.0
Nb2Fe67.05Co7.45Si17.5Cu1B5,943.0
Nb2Fe74.5Si17.5Cu1B5,853.0
MnGaSe3,910.0
MnGaTe3,720.0
CrSnTe3,170.0
Co2Se3,600.0
Fe2Si,780.0
Gd1Al0.4Fe1.6,540.0
Fe55Co25(B3P7)2,705.0
Fe5Co5Ni5B2MoP2,560.0
Zr11Fe89,208.0
PrTiFe11H,604.0
PrTiFe11,547.0
Gd(AlFe)6,345.0
GdInNi,85.4
0.15Nd0.85Mn1O3,99.6
NdMnO3,67.2
Ga26Fe55Co19,849.0
La7Fe88B5,329.0
Fe80P13C7,579.0
La7Ce2Fe86B5,313.0
CoPt3,170.0
LiMnZnP,34.0
TbAlPd,150.0
TbZn,204.0
Nd(Fe5Mo)2,388.0
U3(CuGe)4,71.0
La1Fe11.57Si1.43H1,308.08
Ca0.33La0.47Mn1Bi0.2O3,292.0
TiGaCo2,128.0
TiFe2,430.0
TmAlAg,3.3
TmAlZn,2.8
Fe0.28Co0.72,1173.0
Sm2Fe14Co14B,1048.0
SmFe12(Co2B)6,384.5
AlCoNi,1133.0
Zr7Fe44.5Co44.5B4,675.0
Mn1Ga0.88Cu0.12Ni2,340.0
Mn0.75Ga1Cu0.25Ni2,308.0
Gd6FeTe2,212.0
Ho5(FeTe)2,76.0
Dy5(FeTe)2,128.0
Gd5(FeTe)2,274.0
La1Fe11.172Co0.228Si1.6,226.0
Gd11Al5Co4,105.0
NbGaCo2,548.7
Be2Fe,823.0
EuCrO3,181.0
EuFeO3,662.0
Pr15Ge9C,30.0
Zr1Co5.1,773.0
Sr0.3La0.5Gd0.2Mn1O3,270.5
Nb3Cr14Fe60CuSi13B9,226.0
Nb3Cr17Fe57CuSi13B9,156.0
Ta8Fe21.7Co40.3B30,660.0
Mn17In7FeNi25,303.0
Gd19Pd6,318.0
Er1Co4.5B0.5,754.0
Eu2MnCoO6,130.0
ErNi5,10.0
HoNi5,5.0
Cr9Co35Pt6,673.0
Tb4Gd2Mn0.25Fe0.75Sb1Te1,292.0
Dy6MnBi2,370.0
Dy6FeBi2,134.0
Tb6FeSbTe,200.0
Gd6FeSbTe,300.0
Ba0.5Sr1.5Al0.48Zn2Fe11.52O22,712.0
Ba0.5Sr1.5Mg2Fe12O22,670.0
MnCoNiGe,583.0
Mn2Fe14B3Mo,723.0
Y3Ti1.5Fe27.5,386.0
DyFe,343.0
Ba0.1Ca0.1La0.8Mn0.8Co0.2O3,174.0
Dy2Co3,195.0
Tb2Co3,230.0
PrCu5,2.5
ErSiNi2,7.0
HoSiNi2,9.0
DySiNi2,17.0
La1Fe10.5Co1Si1.5,308.0
Co4Pd,805.5
Gd3Ru,54.0
Cr36.8Fe36.8Cu55.2Si8C36.8,400.0
EuGdO,123.0
Mn3Ge,820.0
Pr0.3Sm0.7Fe1.55,630.0
Fe1.95Si0.4P0.6,676.0
Mn0.08Ge0.92Te1,200.0
Lu2Fe14C,495.0
Mn20Ga24.5Fe1Ni54.5,341.0
Mn20Ga24.5Ni55.5,321.0
VFe12,1109.36
GaFeW,541.29
Fe4.25Co69.25Si13B13.5,300.0
Tb2MgCo9,709.0
CrSI,350.0
Nb7Fe69Co8CuB15,419.5
Nb9Fe75CuB15,373.0
CrFe,850.0
TiAlVCr,1000.0
YFe7Si,465.0
La1Fe11.5Si1.5,183.0
Eu2H6Ru,29.0
La(FeAs3)4,3.8
HoRh,10.2
ErRh,3.3
Fe27Pt73,318.0
Nd5Si3,112.0
Nd5Si2.5Ge0.5,123.0
Tb0.5Dy0.25Ho0.25Al0.25Co1.75,182.0
Tb0.4Dy0.3Ho0.3Al0.25Co1.75,180.0
Zr10Fe63Ni7B20,425.0
Zr5Fe28Ni7B10,495.0
DyCo,106.0
Zn0.95Co0.05O1,380.0
Ho2Co17,1177.0
Gd(Co2B)6,162.0
Sr2CrMoO6,450.0
CoCuNiI,613.0
CoCuNiI2,771.0
Ta3(NbCo9)10,360.0
Nd16Fe72B9.6C2.4,576.0
Mn3InC,272.0
Mn1.48Ni2Sn0.52,300.0
Gd5Fe5Pd90H5.65,140.0
GdFePd18,135.0
YCrFe38(SiB)5,564.4
Na2FeNi2(PO4)3,46.0
Sm1.2Ho0.8Fe17H4.4,138.0
AlCrFeCo,460.0
Mg0.1Fe0.9O4,713.0
Fe0.021Sn0.979S2,31.0
Dy0.05Fe2Co0.95O4,693.0
Tm2Ga4Fe13,240.0
Sm2Ga4Fe13,183.0
Er2Ga4Fe13,226.0
FeCoSiRu,867.0
Al3Fe7,674.0
Al19Fe81,750.0
Ba1Ti1.3Fe9.4Co1.3O19,523.0
Ni4B,60.0
Zn7FeO8,916.0
Fe0.65Ni0.35,530.0
Mn39Co7Ni43Sn11,400.0
Fe23B6,693.0
Mn0.15Zn0.18Fe0.67O4,323.0
MnB2,143.0
Mn3Ga2Ni5,350.0
Mn3(SiTe3)2,78.0
Mn3(SiSe3)2,67.0
DyTiFe11H,567.75
Mn0.13Fe0.06Ge0.81,209.0
Mn11Ge8,285.0
Nd5Fe43B2,376.0
Nd2Ti1.4Fe12.6B1,406.0
Nd5V5(Fe19B)2,601.0
Nd(CrFe)7,439.0
Nd(MnFe)7,359.0
Nd(AlFe)7,459.0
Nd5Al5(Fe19B)2,517.0
Nd5Ti6Fe38B,603.0
Nd5V6Fe38B,603.0
Nd(FeCo)7,623.0
Y3Ti1.6Fe27.4,4.2
Fe44Si19Ni37,550.0
Fe11Si4Ni5,650.0
Mn0.5Ga1Fe0.5Ni2,434.0
Mn53Ga22Ni25,1173.0
Mn1.15Fe0.85Si0.45B0.03P0.52,228.0
ZrCrCuS4,62.0
Sr0.5Pr0.5Mn1O3,265.0
In1Fe0.1Se0.9,870.0
TbCo3,506.0
Pr2GeRh3,8.5
Mn2.25Ga0.5Co0.75Sn0.5,725.0
Nd(Co2B)6,155.0
Tb3(AlNi3)2,57.4
Gd3(AlNi3)2,104.5
Sr0.3Nd0.7Mn1O3,203.0
FeCuPt,553.0
Dy(MnSn)6,393.0
Mn0.09Zn0.91O1,108.0
FeSe,325.0
Ti0.9Fe1.1O3,123.0
Tb1Mn0.4Co2,347.0
Mn2CoSn,600.0
Sr0.33La0.67Mn0.9Cr0.1O3,328.0
Pr7Rh3,15.6
Ce7Rh3,6.8
Sr0.05Ca0.95Ti3.8Fe0.6Cu2.85O12.35,50.0
CrI,45.0
UBr3,125.0
UCl3,160.0
NbFeCuNi,567.0
TbCuSi,47.0
GdCuSi,49.0
PrCuSi,14.0
La0.04Al0.5Zn0.5Fe1.46Co0.5O4,703.0
Mn2Tl2O7,142.0
Gd5Si3.25P0.75,332.0
Gd5Si2.75P1.25,184.0
Nd5Fe17H16,573.0
BaLaEuCuO5,6.0
NdInPd,30.0
Er1In1.1Ni0.9,8.0
Mn1.1Fe0.9As0.53P0.47,289.0
Mn1Fe1As0.53P0.47,293.0
Mn1Fe1As0.55P0.45,306.0
Zr0.1Mn1.12Sb1,293.0
Ce5(Fe14B)3,483.0
Nb2Fe74.5Cu1Si17.5B5,638.0
Zn0.7Fe2Cu0.1Ni0.2O4,296.0
Sm5Co19,830.0
Ba0.11Sr0.22La0.67Mn0.9Fe0.1O3,232.0
Ba0.11Sr0.22La0.67Mn1O3,360.0
Ba0.22Sr0.11La0.67Mn1O3,345.0
Cr2FeO4,170.0
ErGaRh,4.5
CeGaRh,9.0
FeB,590.0
Fe3B26,698.0
Ho4CdCo,22.0
Tm4CdCo,4.5
Gd(TiFe)2,750.0
Cr5B3,54.55
LaFe13(CoSi)13,282.5
Ca0.3La0.7Mn0.9Zn0.1O3,206.75
Er(BRh)4,1.2
Ce13.5Fe79.5B7,270.0
GdScSi,318.0
Fe11Pt9,575.0
Y3Fe36B11,541.0
NbFe18SiB5,595.0
Al(FeB)2,297.0
Cr1.05Fe1Co1Ni1Pd0.6,300.0
Cr0.9Fe1Co1Ni1,175.0
Nd2MgCo9,633.0
NdCo3,381.0
CrSbIr,1470.0
CrAsIr,1083.0
Ho6In0.8Co2.2,14.0
Dy6In0.8Co2.2,35.0
Tb6In0.8Co2.2,16.0
Gd6In0.8Co2.2,69.0
Mn0.46Al0.25Zn0.54Fe1.75O4,317.5
Tb1Ga7.45Fe4.55,327.0
Fe7Co3Pt10,820.0
Ni3Ag2,150.0
PrAl2,34.0
Sr1Fe0.05Sn0.95O3,638.0
Sr1Fe0.04Sn0.96O3,618.0
Nd1Cr0.85Fe0.15O3,200.0
Nd1Cr0.15Fe0.85O3,200.0
TbFeCo,578.0
Nb3Fe68.5Si13.5Cu1Ni5B9,606.0
Sm2Co7,713.0
Cr4Cu3BiO12,190.0
Mn23.5Ga23.9Ni52.6,350.0
Nd5(FeB)18,943.0
Sm0.9Zr0.2Ti0.7Fe10.8Co10.8B0.5,798.0
SmTi12(FeCo)12,730.0
Cr2H3,227.0
Co2H3,485.0
Y2Mn2Fe15,295.0
Y2MnFe16,329.0
Y2Mn6Fe11,74.0
Y2Mn5Fe12,100.0
Y2Mn4Fe13,180.0
CrCoMoS2,500.0
CrSe2,65.0
ZnFe,900.0
